distance,pair,value
1,1_2,545.4
2,3_5,650.6
3,1_4,576
4,1_5,669.2
5,2_7,680.8
6,3_9,603
7,1_8,560.4
8,1_9,557.4
1,5_6,745.333
2,2_4,701
3,6_9,739.4
4,3_7,772.8
5,4_9,806
6,3_9,603
7,1_8,560.4
8,1_9,557.4
1,4_5,730
2,2_4,701
3,6_9,739.4
4,4_8,865
5,4_9,806
6,2_8,642.2
7,1_8,560.4
8,1_9,557.4
1,1_2,545.4
2,1_3,602.4
3,2_5,657.8
4,2_6,663
5,4_9,806
6,3_9,603
7,2_9,644
8,1_9,557.4
1,4_5,730
2,7_9,842.8
3,1_4,576
4,4_8,865
5,4_9,806
6,1_7,564
7,1_8,560.4
8,1_9,557.4
1,2_3,910
2,5_7,862
3,1_4,576
4,4_8,865
5,1_6,691.8
6,3_9,603
7,1_8,560.4
8,1_9,557.4
1,1_2,545.4
2,6_8,774.8
3,2_5,657.8
4,3_7,772.8
5,3_8,578.8
6,3_9,603
7,2_9,644
8,1_9,557.4
1,8_9,833.6
2,7_9,842.8
3,3_6,870.6
4,3_7,772.8
5,4_9,806
6,1_7,564
7,1_8,560.4
8,1_9,557.4
1,1_2,545.4
2,7_9,842.8
3,2_5,657.8
4,3_7,772.8
5,2_7,680.8
6,1_7,564
7,1_8,560.4
8,1_9,557.4
1,4_5,730
2,7_9,842.8
3,2_5,657.8
4,2_6,663
5,3_8,578.8
6,2_8,642.2
7,1_8,560.4
8,1_9,557.4
1,3_4,683.8
2,4_6,679.333
3,2_5,657.8
4,1_5,669.2
5,1_6,691.8
6,3_9,603
7,2_9,644
8,1_9,557.4
1,8_9,833.6
2,4_6,679.333
3,6_9,739.4
4,5_9,795
5,1_6,691.8
6,2_8,642.2
7,1_8,560.4
8,1_9,557.4
1,5_6,745.333
2,1_3,602.4
3,6_9,739.4
4,3_7,772.8
5,3_8,578.8
6,2_8,642.2
7,2_9,644
8,1_9,557.4
1,8_9,833.6
2,7_9,842.8
3,3_6,870.6
4,1_5,669.2
5,1_6,691.8
6,2_8,642.2
7,2_9,644
8,1_9,557.4
1,1_2,545.4
2,3_5,650.6
3,6_9,739.4
4,4_8,865
5,2_7,680.8
6,1_7,564
7,2_9,644
8,1_9,557.4
1,1_2,545.4
2,1_3,602.4
3,2_5,657.8
4,1_5,669.2
5,4_9,806
6,1_7,564
7,2_9,644
8,1_9,557.4
1,8_9,833.6
2,2_4,701
3,4_7,709.5
4,4_8,865
5,2_7,680.8
6,3_9,603
7,2_9,644
8,1_9,557.4
1,5_6,745.333
2,3_5,650.6
3,3_6,870.6
4,5_9,795
5,4_9,806
6,2_8,642.2
7,1_8,560.4
8,1_9,557.4
1,3_4,683.8
2,1_3,602.4
3,5_8,704.75
4,3_7,772.8
5,3_8,578.8
6,3_9,603
7,1_8,560.4
8,1_9,557.4
1,6_7,778.4
2,7_9,842.8
3,6_9,739.4
4,3_7,772.8
5,4_9,806
6,3_9,603
7,1_8,560.4
8,1_9,557.4
1,1_2,545.4
2,6_8,774.8
3,6_9,739.4
4,3_7,772.8
5,3_8,578.8
6,2_8,642.2
7,2_9,644
8,1_9,557.4
1,8_9,833.6
2,2_4,701
3,2_5,657.8
4,5_9,795
5,3_8,578.8
6,3_9,603
7,2_9,644
8,1_9,557.4
1,3_4,683.8
2,7_9,842.8
3,4_7,709.5
4,2_6,663
5,4_9,806
6,2_8,642.2
7,2_9,644
8,1_9,557.4
1,4_5,730
2,6_8,774.8
3,2_5,657.8
4,4_8,865
5,4_9,806
6,3_9,603
7,2_9,644
8,1_9,557.4
1,3_4,683.8
2,7_9,842.8
3,5_8,704.75
4,1_5,669.2
5,2_7,680.8
6,3_9,603
7,2_9,644
8,1_9,557.4
1,6_7,778.4
2,3_5,650.6
3,1_4,576
4,2_6,663
5,4_9,806
6,2_8,642.2
7,2_9,644
8,1_9,557.4
1,5_6,745.333
2,7_9,842.8
3,6_9,739.4
4,3_7,772.8
5,4_9,806
6,2_8,642.2
7,1_8,560.4
8,1_9,557.4
1,8_9,833.6
2,4_6,679.333
3,6_9,739.4
4,3_7,772.8
5,1_6,691.8
6,2_8,642.2
7,2_9,644
8,1_9,557.4
1,1_2,545.4
2,2_4,701
3,2_5,657.8
4,3_7,772.8
5,3_8,578.8
6,2_8,642.2
7,1_8,560.4
8,1_9,557.4
1,7_8,688.8
2,1_3,602.4
3,1_4,576
4,3_7,772.8
5,1_6,691.8
6,1_7,564
7,1_8,560.4
8,1_9,557.4
1,6_7,778.4
2,2_4,701
3,3_6,870.6
4,1_5,669.2
5,3_8,578.8
6,2_8,642.2
7,1_8,560.4
8,1_9,557.4
1,2_3,910
2,3_5,650.6
3,1_4,576
4,2_6,663
5,3_8,578.8
6,1_7,564
7,2_9,644
8,1_9,557.4
1,5_6,745.333
2,1_3,602.4
3,1_4,576
4,2_6,663
5,2_7,680.8
6,1_7,564
7,1_8,560.4
8,1_9,557.4
1,3_4,683.8
2,4_6,679.333
3,5_8,704.75
4,5_9,795
5,1_6,691.8
6,2_8,642.2
7,2_9,644
8,1_9,557.4
1,1_2,545.4
2,4_6,679.333
3,2_5,657.8
4,2_6,663
5,2_7,680.8
6,2_8,642.2
7,2_9,644
8,1_9,557.4
1,2_3,910
2,7_9,842.8
3,5_8,704.75
4,4_8,865
5,2_7,680.8
6,2_8,642.2
7,2_9,644
8,1_9,557.4
1,6_7,778.4
2,3_5,650.6
3,1_4,576
4,5_9,795
5,2_7,680.8
6,3_9,603
7,1_8,560.4
8,1_9,557.4
1,4_5,730
2,4_6,679.333
3,3_6,870.6
4,2_6,663
5,1_6,691.8
6,3_9,603
7,2_9,644
8,1_9,557.4
1,6_7,778.4
2,4_6,679.333
3,5_8,704.75
4,2_6,663
5,1_6,691.8
6,3_9,603
7,2_9,644
8,1_9,557.4
1,7_8,688.8
2,6_8,774.8
3,6_9,739.4
4,5_9,795
5,2_7,680.8
6,3_9,603
7,2_9,644
8,1_9,557.4
1,8_9,833.6
2,2_4,701
3,1_4,576
4,2_6,663
5,2_7,680.8
6,2_8,642.2
7,1_8,560.4
8,1_9,557.4
1,6_7,778.4
2,4_6,679.333
3,1_4,576
4,3_7,772.8
5,3_8,578.8
6,3_9,603
7,2_9,644
8,1_9,557.4
1,8_9,833.6
2,3_5,650.6
3,1_4,576
4,4_8,865
5,3_8,578.8
6,1_7,564
7,2_9,644
8,1_9,557.4
1,3_4,683.8
2,4_6,679.333
3,1_4,576
4,3_7,772.8
5,3_8,578.8
6,1_7,564
7,2_9,644
8,1_9,557.4
1,1_2,545.4
2,4_6,679.333
3,4_7,709.5
4,5_9,795
5,2_7,680.8
6,1_7,564
7,1_8,560.4
8,1_9,557.4
1,2_3,910
2,7_9,842.8
3,4_7,709.5
4,2_6,663
5,1_6,691.8
6,1_7,564
7,2_9,644
8,1_9,557.4
1,2_3,910
2,6_8,774.8
3,3_6,870.6
4,3_7,772.8
5,4_9,806
6,2_8,642.2
7,2_9,644
8,1_9,557.4
1,8_9,833.6
2,4_6,679.333
3,6_9,739.4
4,3_7,772.8
5,4_9,806
6,2_8,642.2
7,1_8,560.4
8,1_9,557.4
1,2_3,910
2,3_5,650.6
3,3_6,870.6
4,2_6,663
5,1_6,691.8
6,2_8,642.2
7,2_9,644
8,1_9,557.4
1,8_9,833.6
2,4_6,679.333
3,4_7,709.5
4,2_6,663
5,1_6,691.8
6,1_7,564
7,1_8,560.4
8,1_9,557.4
1,4_5,730
2,6_8,774.8
3,3_6,870.6
4,4_8,865
5,4_9,806
6,1_7,564
7,2_9,644
8,1_9,557.4
1,6_7,778.4
2,7_9,842.8
3,1_4,576
4,2_6,663
5,2_7,680.8
6,3_9,603
7,1_8,560.4
8,1_9,557.4
1,8_9,833.6
2,2_4,701
3,6_9,739.4
4,2_6,663
5,4_9,806
6,1_7,564
7,1_8,560.4
8,1_9,557.4
1,3_4,683.8
2,3_5,650.6
3,5_8,704.75
4,5_9,795
5,4_9,806
6,1_7,564
7,2_9,644
8,1_9,557.4
1,6_7,778.4
2,3_5,650.6
3,3_6,870.6
4,5_9,795
5,1_6,691.8
6,1_7,564
7,2_9,644
8,1_9,557.4
1,4_5,730
2,3_5,650.6
3,6_9,739.4
4,3_7,772.8
5,2_7,680.8
6,1_7,564
7,1_8,560.4
8,1_9,557.4
1,6_7,778.4
2,3_5,650.6
3,5_8,704.75
4,3_7,772.8
5,3_8,578.8
6,2_8,642.2
7,1_8,560.4
8,1_9,557.4
1,5_6,745.333
2,7_9,842.8
3,4_7,709.5
4,3_7,772.8
5,1_6,691.8
6,2_8,642.2
7,2_9,644
8,1_9,557.4
1,4_5,730
2,7_9,842.8
3,3_6,870.6
4,5_9,795
5,3_8,578.8
6,2_8,642.2
7,2_9,644
8,1_9,557.4
1,2_3,910
2,7_9,842.8
3,5_8,704.75
4,2_6,663
5,3_8,578.8
6,2_8,642.2
7,1_8,560.4
8,1_9,557.4
1,3_4,683.8
2,1_3,602.4
3,6_9,739.4
4,4_8,865
5,2_7,680.8
6,2_8,642.2
7,1_8,560.4
8,1_9,557.4
1,2_3,910
2,2_4,701
3,6_9,739.4
4,1_5,669.2
5,3_8,578.8
6,3_9,603
7,2_9,644
8,1_9,557.4
1,4_5,730
2,6_8,774.8
3,4_7,709.5
4,3_7,772.8
5,4_9,806
6,3_9,603
7,1_8,560.4
8,1_9,557.4
1,1_2,545.4
2,4_6,679.333
3,2_5,657.8
4,2_6,663
5,4_9,806
6,3_9,603
7,2_9,644
8,1_9,557.4
1,3_4,683.8
2,2_4,701
3,2_5,657.8
4,2_6,663
5,3_8,578.8
6,1_7,564
7,1_8,560.4
8,1_9,557.4
1,5_6,745.333
2,7_9,842.8
3,1_4,576
4,5_9,795
5,2_7,680.8
6,2_8,642.2
7,1_8,560.4
8,1_9,557.4
1,3_4,683.8
2,7_9,842.8
3,6_9,739.4
4,4_8,865
5,1_6,691.8
6,3_9,603
7,1_8,560.4
8,1_9,557.4
1,2_3,910
2,1_3,602.4
3,5_8,704.75
4,4_8,865
5,2_7,680.8
6,1_7,564
7,2_9,644
8,1_9,557.4
1,2_3,910
2,7_9,842.8
3,2_5,657.8
4,4_8,865
5,1_6,691.8
6,1_7,564
7,1_8,560.4
8,1_9,557.4
1,7_8,688.8
2,6_8,774.8
3,2_5,657.8
4,5_9,795
5,4_9,806
6,2_8,642.2
7,1_8,560.4
8,1_9,557.4
1,7_8,688.8
2,2_4,701
3,5_8,704.75
4,4_8,865
5,3_8,578.8
6,3_9,603
7,2_9,644
8,1_9,557.4
1,2_3,910
2,2_4,701
3,4_7,709.5
4,1_5,669.2
5,4_9,806
6,3_9,603
7,2_9,644
8,1_9,557.4
1,3_4,683.8
2,7_9,842.8
3,5_8,704.75
4,2_6,663
5,2_7,680.8
6,2_8,642.2
7,1_8,560.4
8,1_9,557.4
1,8_9,833.6
2,2_4,701
3,2_5,657.8
4,4_8,865
5,1_6,691.8
6,3_9,603
7,2_9,644
8,1_9,557.4
1,4_5,730
2,5_7,862
3,3_6,870.6
4,4_8,865
5,4_9,806
6,2_8,642.2
7,2_9,644
8,1_9,557.4
1,6_7,778.4
2,1_3,602.4
3,5_8,704.75
4,1_5,669.2
5,2_7,680.8
6,2_8,642.2
7,1_8,560.4
8,1_9,557.4
1,6_7,778.4
2,1_3,602.4
3,4_7,709.5
4,5_9,795
5,3_8,578.8
6,3_9,603
7,1_8,560.4
8,1_9,557.4
1,4_5,730
2,3_5,650.6
3,3_6,870.6
4,5_9,795
5,2_7,680.8
6,2_8,642.2
7,1_8,560.4
8,1_9,557.4
1,5_6,745.333
2,1_3,602.4
3,5_8,704.75
4,5_9,795
5,1_6,691.8
6,2_8,642.2
7,1_8,560.4
8,1_9,557.4
1,2_3,910
2,3_5,650.6
3,6_9,739.4
4,1_5,669.2
5,3_8,578.8
6,2_8,642.2
7,1_8,560.4
8,1_9,557.4
1,6_7,778.4
2,5_7,862
3,2_5,657.8
4,5_9,795
5,2_7,680.8
6,1_7,564
7,1_8,560.4
8,1_9,557.4
1,5_6,745.333
2,4_6,679.333
3,5_8,704.75
4,4_8,865
5,4_9,806
6,1_7,564
7,1_8,560.4
8,1_9,557.4
1,5_6,745.333
2,2_4,701
3,3_6,870.6
4,5_9,795
5,4_9,806
6,3_9,603
7,1_8,560.4
8,1_9,557.4
1,2_3,910
2,7_9,842.8
3,5_8,704.75
4,2_6,663
5,4_9,806
6,3_9,603
7,1_8,560.4
8,1_9,557.4
1,6_7,778.4
2,2_4,701
3,6_9,739.4
4,1_5,669.2
5,1_6,691.8
6,3_9,603
7,1_8,560.4
8,1_9,557.4
1,4_5,730
2,4_6,679.333
3,3_6,870.6
4,1_5,669.2
5,1_6,691.8
6,3_9,603
7,1_8,560.4
8,1_9,557.4
1,4_5,730
2,1_3,602.4
3,5_8,704.75
4,1_5,669.2
5,4_9,806
6,2_8,642.2
7,2_9,644
8,1_9,557.4
1,4_5,730
2,3_5,650.6
3,6_9,739.4
4,5_9,795
5,1_6,691.8
6,2_8,642.2
7,2_9,644
8,1_9,557.4
1,1_2,545.4
2,2_4,701
3,3_6,870.6
4,5_9,795
5,3_8,578.8
6,2_8,642.2
7,2_9,644
8,1_9,557.4
1,1_2,545.4
2,1_3,602.4
3,3_6,870.6
4,4_8,865
5,3_8,578.8
6,1_7,564
7,2_9,644
8,1_9,557.4
1,8_9,833.6
2,5_7,862
3,4_7,709.5
4,3_7,772.8
5,3_8,578.8
6,1_7,564
7,1_8,560.4
8,1_9,557.4
1,8_9,833.6
2,7_9,842.8
3,2_5,657.8
4,5_9,795
5,4_9,806
6,3_9,603
7,1_8,560.4
8,1_9,557.4
1,3_4,683.8
2,4_6,679.333
3,2_5,657.8
4,5_9,795
5,2_7,680.8
6,1_7,564
7,1_8,560.4
8,1_9,557.4
1,4_5,730
2,3_5,650.6
3,3_6,870.6
4,3_7,772.8
5,3_8,578.8
6,2_8,642.2
7,1_8,560.4
8,1_9,557.4
1,1_2,545.4
2,4_6,679.333
3,5_8,704.75
4,2_6,663
5,3_8,578.8
6,2_8,642.2
7,1_8,560.4
8,1_9,557.4
1,8_9,833.6
2,1_3,602.4
3,1_4,576
4,3_7,772.8
5,4_9,806
6,2_8,642.2
7,1_8,560.4
8,1_9,557.4
1,4_5,730
2,4_6,679.333
3,6_9,739.4
4,5_9,795
5,2_7,680.8
6,1_7,564
7,1_8,560.4
8,1_9,557.4
1,4_5,730
2,5_7,862
3,5_8,704.75
4,2_6,663
5,4_9,806
6,2_8,642.2
7,2_9,644
8,1_9,557.4
1,5_6,745.333
2,4_6,679.333
3,6_9,739.4
4,4_8,865
5,4_9,806
6,3_9,603
7,2_9,644
8,1_9,557.4
1,8_9,833.6
2,2_4,701
3,4_7,709.5
4,5_9,795
5,4_9,806
6,3_9,603
7,1_8,560.4
8,1_9,557.4
1,2_1,769.2
2,5_3,571.4
3,4_1,614
4,5_1,700.8
5,7_2,639.4
6,9_3,544.8
7,8_1,558
8,9_1,573.6
1,6_5,856
2,4_2,624.6
3,9_6,717.6
4,7_3,569.4
5,9_4,652.4
6,9_3,544.8
7,8_1,558
8,9_1,573.6
1,5_4,644.75
2,4_2,624.6
3,9_6,717.6
4,8_4,658
5,9_4,652.4
6,8_2,540
7,8_1,558
8,9_1,573.6
1,2_1,769.2
2,3_1,588.6
3,5_2,565.8
4,6_2,567.6
5,9_4,652.4
6,9_3,544.8
7,9_2,534.25
8,9_1,573.6
1,5_4,644.75
2,9_7,847.25
3,4_1,614
4,8_4,658
5,9_4,652.4
6,7_1,545
7,8_1,558
8,9_1,573.6
1,3_2,817
2,7_5,876.5
3,4_1,614
4,8_4,658
5,6_1,661
6,9_3,544.8
7,8_1,558
8,9_1,573.6
1,2_1,769.2
2,8_6,649.2
3,5_2,565.8
4,7_3,569.4
5,8_3,523.2
6,9_3,544.8
7,9_2,534.25
8,9_1,573.6
1,9_8,807.75
2,9_7,847.25
3,6_3,601.4
4,7_3,569.4
5,9_4,652.4
6,7_1,545
7,8_1,558
8,9_1,573.6
1,2_1,769.2
2,9_7,847.25
3,5_2,565.8
4,7_3,569.4
5,7_2,639.4
6,7_1,545
7,8_1,558
8,9_1,573.6
1,5_4,644.75
2,9_7,847.25
3,5_2,565.8
4,6_2,567.6
5,8_3,523.2
6,8_2,540
7,8_1,558
8,9_1,573.6
1,4_3,776.6
2,6_4,726.8
3,5_2,565.8
4,5_1,700.8
5,6_1,661
6,9_3,544.8
7,9_2,534.25
8,9_1,573.6
1,9_8,807.75
2,6_4,726.8
3,9_6,717.6
4,9_5,675.8
5,6_1,661
6,8_2,540
7,8_1,558
8,9_1,573.6
1,6_5,856
2,3_1,588.6
3,9_6,717.6
4,7_3,569.4
5,8_3,523.2
6,8_2,540
7,9_2,534.25
8,9_1,573.6
1,9_8,807.75
2,9_7,847.25
3,6_3,601.4
4,5_1,700.8
5,6_1,661
6,8_2,540
7,9_2,534.25
8,9_1,573.6
1,2_1,769.2
2,5_3,571.4
3,9_6,717.6
4,8_4,658
5,7_2,639.4
6,7_1,545
7,9_2,534.25
8,9_1,573.6
1,2_1,769.2
2,3_1,588.6
3,5_2,565.8
4,5_1,700.8
5,9_4,652.4
6,7_1,545
7,9_2,534.25
8,9_1,573.6
1,9_8,807.75
2,4_2,624.6
3,7_4,777
4,8_4,658
5,7_2,639.4
6,9_3,544.8
7,9_2,534.25
8,9_1,573.6
1,6_5,856
2,5_3,571.4
3,6_3,601.4
4,9_5,675.8
5,9_4,652.4
6,8_2,540
7,8_1,558
8,9_1,573.6
1,4_3,776.6
2,3_1,588.6
3,8_5,626.4
4,7_3,569.4
5,8_3,523.2
6,9_3,544.8
7,8_1,558
8,9_1,573.6
1,7_6,745
2,9_7,847.25
3,9_6,717.6
4,7_3,569.4
5,9_4,652.4
6,9_3,544.8
7,8_1,558
8,9_1,573.6
1,2_1,769.2
2,8_6,649.2
3,9_6,717.6
4,7_3,569.4
5,8_3,523.2
6,8_2,540
7,9_2,534.25
8,9_1,573.6
1,9_8,807.75
2,4_2,624.6
3,5_2,565.8
4,9_5,675.8
5,8_3,523.2
6,9_3,544.8
7,9_2,534.25
8,9_1,573.6
1,4_3,776.6
2,9_7,847.25
3,7_4,777
4,6_2,567.6
5,9_4,652.4
6,8_2,540
7,9_2,534.25
8,9_1,573.6
1,5_4,644.75
2,8_6,649.2
3,5_2,565.8
4,8_4,658
5,9_4,652.4
6,9_3,544.8
7,9_2,534.25
8,9_1,573.6
1,4_3,776.6
2,9_7,847.25
3,8_5,626.4
4,5_1,700.8
5,7_2,639.4
6,9_3,544.8
7,9_2,534.25
8,9_1,573.6
1,7_6,745
2,5_3,571.4
3,4_1,614
4,6_2,567.6
5,9_4,652.4
6,8_2,540
7,9_2,534.25
8,9_1,573.6
1,6_5,856
2,9_7,847.25
3,9_6,717.6
4,7_3,569.4
5,9_4,652.4
6,8_2,540
7,8_1,558
8,9_1,573.6
1,9_8,807.75
2,6_4,726.8
3,9_6,717.6
4,7_3,569.4
5,6_1,661
6,8_2,540
7,9_2,534.25
8,9_1,573.6
1,2_1,769.2
2,4_2,624.6
3,5_2,565.8
4,7_3,569.4
5,8_3,523.2
6,8_2,540
7,8_1,558
8,9_1,573.6
1,8_7,699.6
2,3_1,588.6
3,4_1,614
4,7_3,569.4
5,6_1,661
6,7_1,545
7,8_1,558
8,9_1,573.6
1,7_6,745
2,4_2,624.6
3,6_3,601.4
4,5_1,700.8
5,8_3,523.2
6,8_2,540
7,8_1,558
8,9_1,573.6
1,3_2,817
2,5_3,571.4
3,4_1,614
4,6_2,567.6
5,8_3,523.2
6,7_1,545
7,9_2,534.25
8,9_1,573.6
1,6_5,856
2,3_1,588.6
3,4_1,614
4,6_2,567.6
5,7_2,639.4
6,7_1,545
7,8_1,558
8,9_1,573.6
1,4_3,776.6
2,6_4,726.8
3,8_5,626.4
4,9_5,675.8
5,6_1,661
6,8_2,540
7,9_2,534.25
8,9_1,573.6
1,2_1,769.2
2,6_4,726.8
3,5_2,565.8
4,6_2,567.6
5,7_2,639.4
6,8_2,540
7,9_2,534.25
8,9_1,573.6
1,3_2,817
2,9_7,847.25
3,8_5,626.4
4,8_4,658
5,7_2,639.4
6,8_2,540
7,9_2,534.25
8,9_1,573.6
1,7_6,745
2,5_3,571.4
3,4_1,614
4,9_5,675.8
5,7_2,639.4
6,9_3,544.8
7,8_1,558
8,9_1,573.6
1,5_4,644.75
2,6_4,726.8
3,6_3,601.4
4,6_2,567.6
5,6_1,661
6,9_3,544.8
7,9_2,534.25
8,9_1,573.6
1,7_6,745
2,6_4,726.8
3,8_5,626.4
4,6_2,567.6
5,6_1,661
6,9_3,544.8
7,9_2,534.25
8,9_1,573.6
1,8_7,699.6
2,8_6,649.2
3,9_6,717.6
4,9_5,675.8
5,7_2,639.4
6,9_3,544.8
7,9_2,534.25
8,9_1,573.6
1,9_8,807.75
2,4_2,624.6
3,4_1,614
4,6_2,567.6
5,7_2,639.4
6,8_2,540
7,8_1,558
8,9_1,573.6
1,7_6,745
2,6_4,726.8
3,4_1,614
4,7_3,569.4
5,8_3,523.2
6,9_3,544.8
7,9_2,534.25
8,9_1,573.6
1,9_8,807.75
2,5_3,571.4
3,4_1,614
4,8_4,658
5,8_3,523.2
6,7_1,545
7,9_2,534.25
8,9_1,573.6
1,4_3,776.6
2,6_4,726.8
3,4_1,614
4,7_3,569.4
5,8_3,523.2
6,7_1,545
7,9_2,534.25
8,9_1,573.6
1,2_1,769.2
2,6_4,726.8
3,7_4,777
4,9_5,675.8
5,7_2,639.4
6,7_1,545
7,8_1,558
8,9_1,573.6
1,3_2,817
2,9_7,847.25
3,7_4,777
4,6_2,567.6
5,6_1,661
6,7_1,545
7,9_2,534.25
8,9_1,573.6
1,3_2,817
2,8_6,649.2
3,6_3,601.4
4,7_3,569.4
5,9_4,652.4
6,8_2,540
7,9_2,534.25
8,9_1,573.6
1,9_8,807.75
2,6_4,726.8
3,9_6,717.6
4,7_3,569.4
5,9_4,652.4
6,8_2,540
7,8_1,558
8,9_1,573.6
1,3_2,817
2,5_3,571.4
3,6_3,601.4
4,6_2,567.6
5,6_1,661
6,8_2,540
7,9_2,534.25
8,9_1,573.6
1,9_8,807.75
2,6_4,726.8
3,7_4,777
4,6_2,567.6
5,6_1,661
6,7_1,545
7,8_1,558
8,9_1,573.6
1,5_4,644.75
2,8_6,649.2
3,6_3,601.4
4,8_4,658
5,9_4,652.4
6,7_1,545
7,9_2,534.25
8,9_1,573.6
1,7_6,745
2,9_7,847.25
3,4_1,614
4,6_2,567.6
5,7_2,639.4
6,9_3,544.8
7,8_1,558
8,9_1,573.6
1,9_8,807.75
2,4_2,624.6
3,9_6,717.6
4,6_2,567.6
5,9_4,652.4
6,7_1,545
7,8_1,558
8,9_1,573.6
1,4_3,776.6
2,5_3,571.4
3,8_5,626.4
4,9_5,675.8
5,9_4,652.4
6,7_1,545
7,9_2,534.25
8,9_1,573.6
1,7_6,745
2,5_3,571.4
3,6_3,601.4
4,9_5,675.8
5,6_1,661
6,7_1,545
7,9_2,534.25
8,9_1,573.6
1,5_4,644.75
2,5_3,571.4
3,9_6,717.6
4,7_3,569.4
5,7_2,639.4
6,7_1,545
7,8_1,558
8,9_1,573.6
1,7_6,745
2,5_3,571.4
3,8_5,626.4
4,7_3,569.4
5,8_3,523.2
6,8_2,540
7,8_1,558
8,9_1,573.6
1,6_5,856
2,9_7,847.25
3,7_4,777
4,7_3,569.4
5,6_1,661
6,8_2,540
7,9_2,534.25
8,9_1,573.6
1,5_4,644.75
2,9_7,847.25
3,6_3,601.4
4,9_5,675.8
5,8_3,523.2
6,8_2,540
7,9_2,534.25
8,9_1,573.6
1,3_2,817
2,9_7,847.25
3,8_5,626.4
4,6_2,567.6
5,8_3,523.2
6,8_2,540
7,8_1,558
8,9_1,573.6
1,4_3,776.6
2,3_1,588.6
3,9_6,717.6
4,8_4,658
5,7_2,639.4
6,8_2,540
7,8_1,558
8,9_1,573.6
1,3_2,817
2,4_2,624.6
3,9_6,717.6
4,5_1,700.8
5,8_3,523.2
6,9_3,544.8
7,9_2,534.25
8,9_1,573.6
1,5_4,644.75
2,8_6,649.2
3,7_4,777
4,7_3,569.4
5,9_4,652.4
6,9_3,544.8
7,8_1,558
8,9_1,573.6
1,2_1,769.2
2,6_4,726.8
3,5_2,565.8
4,6_2,567.6
5,9_4,652.4
6,9_3,544.8
7,9_2,534.25
8,9_1,573.6
1,4_3,776.6
2,4_2,624.6
3,5_2,565.8
4,6_2,567.6
5,8_3,523.2
6,7_1,545
7,8_1,558
8,9_1,573.6
1,6_5,856
2,9_7,847.25
3,4_1,614
4,9_5,675.8
5,7_2,639.4
6,8_2,540
7,8_1,558
8,9_1,573.6
1,4_3,776.6
2,9_7,847.25
3,9_6,717.6
4,8_4,658
5,6_1,661
6,9_3,544.8
7,8_1,558
8,9_1,573.6
1,3_2,817
2,3_1,588.6
3,8_5,626.4
4,8_4,658
5,7_2,639.4
6,7_1,545
7,9_2,534.25
8,9_1,573.6
1,3_2,817
2,9_7,847.25
3,5_2,565.8
4,8_4,658
5,6_1,661
6,7_1,545
7,8_1,558
8,9_1,573.6
1,8_7,699.6
2,8_6,649.2
3,5_2,565.8
4,9_5,675.8
5,9_4,652.4
6,8_2,540
7,8_1,558
8,9_1,573.6
1,8_7,699.6
2,4_2,624.6
3,8_5,626.4
4,8_4,658
5,8_3,523.2
6,9_3,544.8
7,9_2,534.25
8,9_1,573.6
1,3_2,817
2,4_2,624.6
3,7_4,777
4,5_1,700.8
5,9_4,652.4
6,9_3,544.8
7,9_2,534.25
8,9_1,573.6
1,4_3,776.6
2,9_7,847.25
3,8_5,626.4
4,6_2,567.6
5,7_2,639.4
6,8_2,540
7,8_1,558
8,9_1,573.6
1,9_8,807.75
2,4_2,624.6
3,5_2,565.8
4,8_4,658
5,6_1,661
6,9_3,544.8
7,9_2,534.25
8,9_1,573.6
1,5_4,644.75
2,7_5,876.5
3,6_3,601.4
4,8_4,658
5,9_4,652.4
6,8_2,540
7,9_2,534.25
8,9_1,573.6
1,7_6,745
2,3_1,588.6
3,8_5,626.4
4,5_1,700.8
5,7_2,639.4
6,8_2,540
7,8_1,558
8,9_1,573.6
1,7_6,745
2,3_1,588.6
3,7_4,777
4,9_5,675.8
5,8_3,523.2
6,9_3,544.8
7,8_1,558
8,9_1,573.6
1,5_4,644.75
2,5_3,571.4
3,6_3,601.4
4,9_5,675.8
5,7_2,639.4
6,8_2,540
7,8_1,558
8,9_1,573.6
1,6_5,856
2,3_1,588.6
3,8_5,626.4
4,9_5,675.8
5,6_1,661
6,8_2,540
7,8_1,558
8,9_1,573.6
1,3_2,817
2,5_3,571.4
3,9_6,717.6
4,5_1,700.8
5,8_3,523.2
6,8_2,540
7,8_1,558
8,9_1,573.6
1,7_6,745
2,7_5,876.5
3,5_2,565.8
4,9_5,675.8
5,7_2,639.4
6,7_1,545
7,8_1,558
8,9_1,573.6
1,6_5,856
2,6_4,726.8
3,8_5,626.4
4,8_4,658
5,9_4,652.4
6,7_1,545
7,8_1,558
8,9_1,573.6
1,6_5,856
2,4_2,624.6
3,6_3,601.4
4,9_5,675.8
5,9_4,652.4
6,9_3,544.8
7,8_1,558
8,9_1,573.6
1,3_2,817
2,9_7,847.25
3,8_5,626.4
4,6_2,567.6
5,9_4,652.4
6,9_3,544.8
7,8_1,558
8,9_1,573.6
1,7_6,745
2,4_2,624.6
3,9_6,717.6
4,5_1,700.8
5,6_1,661
6,9_3,544.8
7,8_1,558
8,9_1,573.6
1,5_4,644.75
2,6_4,726.8
3,6_3,601.4
4,5_1,700.8
5,6_1,661
6,9_3,544.8
7,8_1,558
8,9_1,573.6
1,5_4,644.75
2,3_1,588.6
3,8_5,626.4
4,5_1,700.8
5,9_4,652.4
6,8_2,540
7,9_2,534.25
8,9_1,573.6
1,5_4,644.75
2,5_3,571.4
3,9_6,717.6
4,9_5,675.8
5,6_1,661
6,8_2,540
7,9_2,534.25
8,9_1,573.6
1,2_1,769.2
2,4_2,624.6
3,6_3,601.4
4,9_5,675.8
5,8_3,523.2
6,8_2,540
7,9_2,534.25
8,9_1,573.6
1,2_1,769.2
2,3_1,588.6
3,6_3,601.4
4,8_4,658
5,8_3,523.2
6,7_1,545
7,9_2,534.25
8,9_1,573.6
1,9_8,807.75
2,7_5,876.5
3,7_4,777
4,7_3,569.4
5,8_3,523.2
6,7_1,545
7,8_1,558
8,9_1,573.6
1,9_8,807.75
2,9_7,847.25
3,5_2,565.8
4,9_5,675.8
5,9_4,652.4
6,9_3,544.8
7,8_1,558
8,9_1,573.6
1,4_3,776.6
2,6_4,726.8
3,5_2,565.8
4,9_5,675.8
5,7_2,639.4
6,7_1,545
7,8_1,558
8,9_1,573.6
1,5_4,644.75
2,5_3,571.4
3,6_3,601.4
4,7_3,569.4
5,8_3,523.2
6,8_2,540
7,8_1,558
8,9_1,573.6
1,2_1,769.2
2,6_4,726.8
3,8_5,626.4
4,6_2,567.6
5,8_3,523.2
6,8_2,540
7,8_1,558
8,9_1,573.6
1,9_8,807.75
2,3_1,588.6
3,4_1,614
4,7_3,569.4
5,9_4,652.4
6,8_2,540
7,8_1,558
8,9_1,573.6
1,5_4,644.75
2,6_4,726.8
3,9_6,717.6
4,9_5,675.8
5,7_2,639.4
6,7_1,545
7,8_1,558
8,9_1,573.6
1,5_4,644.75
2,7_5,876.5
3,8_5,626.4
4,6_2,567.6
5,9_4,652.4
6,8_2,540
7,9_2,534.25
8,9_1,573.6
1,6_5,856
2,6_4,726.8
3,9_6,717.6
4,8_4,658
5,9_4,652.4
6,9_3,544.8
7,9_2,534.25
8,9_1,573.6
1,9_8,807.75
2,4_2,624.6
3,7_4,777
4,9_5,675.8
5,9_4,652.4
6,9_3,544.8
7,8_1,558
8,9_1,573.6